Trial,Target_Seconds,Est_Volume_ML
1,19.09,38.2
2,2.23,4.5
3,29.69,59.4
4,1.96,3.9
5,6.81,13.6
6,25.77,51.5
7,9.88,19.8
8,3.44,6.9
9,23.42,46.8
10,26.09,52.2
11,14.25,28.5
12,2.57,5.1
13,16.02,32.0
14,16.52,33.0
15,22.16,44.3
16,28.95,57.9
17,28.54,57.1
18,15.15,30.3
19,21.56,43.1
20,10.85,21.7
21,6.11,12.2
22,18.51,37.0
23,14.45,28.9
24,22.09,44.2
25,8.09,16.2
26,2.09,4.2
27,18.15,36.3
28,24.47,48.9
29,26.31,52.6
30,23.74,47.5
31,23.52,47.0
32,14.98,30.0
33,17.7,35.4
34,5.16,10.3
35,5.77,11.5
36,6.24,12.5
37,23.68,47.4
38,25.47,50.9
39,28.28,56.6
40,22.32,44.6
41,21.21,42.4
42,2.0,4.0
43,2.46,4.9
44,7.69,15.4
45,14.77,29.5
46,28.4,56.8
47,2.43,4.9
48,21.64,43.3
49,2.48,5.0
50,11.68,23.4
51,5.1,10.2
52,24.98,50.0
53,20.98,42.0
54,26.45,52.9
55,16.36,32.7
56,28.54,57.1
57,25.63,51.3
58,28.92,57.8
59,9.26,18.5
60,25.33,50.7
61,5.29,10.6
62,6.69,13.4
63,10.89,21.8
64,11.41,22.8
65,27.63,55.3
66,24.34,48.7
67,28.46,56.9
68,12.42,24.8
69,9.14,18.3
70,22.21,44.4
71,26.65,53.3
72,13.29,26.6
73,24.32,48.6
74,7.85,15.7
75,4.56,9.1
76,28.38,56.8
77,12.72,25.4
78,22.6,45.2
79,5.16,10.3
80,14.64,29.3
81,13.99,28.0
82,28.89,57.8
83,22.66,45.3
84,1.66,3.3
85,9.88,19.8
86,15.67,31.3
87,28.09,56.2
88,18.21,36.4
89,11.83,23.7
90,11.38,22.8
91,14.03,28.1
92,3.49,7.0
93,19.99,40.0
94,11.95,23.9
95,11.27,22.5
96,26.55,53.1
97,16.35,32.7
98,6.79,13.6
99,4.69,9.4
100,13.01,26.0
